"scale","level","subID","sub.gender","masc.femi","task"
"1",0,"fac_1",1,"male","masc","fac"
"2",0,"fac_1",2,"male","masc","fac"
"3",0,"fac_1",3,"male","masc","fac"
"4",0,"fac_1",4,"female","masc","fac"
"5",0,"fac_1",5,"female","masc","fac"
"6",0,"fac_1",6,"female","masc","fac"
"7",0,"fac_1",7,"male","masc","voi"
"8",0,"fac_1",8,"male","masc","voi"
"9",0,"fac_1",9,"male","masc","voi"
"10",0,"fac_1",10,"female","masc","voi"
"11",0,"fac_1",11,"female","masc","voi"
"12",0,"fac_1",12,"female","masc","voi"
"13",0,"fac_1",13,"male","masc","sti"
"14",0,"fac_1",14,"male","masc","sti"
"15",0,"fac_1",15,"male","masc","sti"
"16",0,"fac_1",16,"female","masc","sti"
"17",0,"fac_1",17,"female","masc","sti"
"18",0,"fac_1",18,"female","masc","sti"
"19",0,"fac_1",19,"male","femi","fac"
"20",0,"fac_1",20,"male","femi","fac"
"21",0,"fac_1",21,"male","femi","fac"
"22",0,"fac_1",22,"female","femi","fac"
"23",0,"fac_1",23,"female","femi","fac"
"24",0,"fac_1",24,"female","femi","fac"
"25",0,"fac_1",25,"male","femi","voi"
"26",0,"fac_1",26,"male","femi","voi"
"27",0,"fac_1",27,"male","femi","voi"
"28",0,"fac_1",28,"female","femi","voi"
"29",0,"fac_1",29,"female","femi","voi"
"30",0,"fac_1",30,"female","femi","voi"
"31",0,"fac_1",31,"male","femi","sti"
"32",0,"fac_1",32,"male","femi","sti"
"33",0,"fac_1",33,"male","femi","sti"
"34",0,"fac_1",34,"female","femi","sti"
"35",0,"fac_1",35,"female","femi","sti"
"36",0,"fac_1",36,"female","femi","sti"
"37",0.132786842386199,"fac_2",1,"male","masc","fac"
"38",0.194867810460618,"fac_2",2,"male","masc","fac"
"39",0.099614195006989,"fac_2",3,"male","masc","fac"
"40",-0.150485621849742,"fac_2",4,"female","masc","fac"
"41",-0.240638749563706,"fac_2",5,"female","masc","fac"
"42",-0.0554868941057728,"fac_2",6,"female","masc","fac"
"43",-0.0797135386012505,"fac_2",7,"male","masc","voi"
"44",-0.0460468889078315,"fac_2",8,"male","masc","voi"
"45",-0.162241959641394,"fac_2",9,"male","masc","voi"
"46",-0.315339827057765,"fac_2",10,"female","masc","voi"
"47",-0.229144947639281,"fac_2",11,"female","masc","voi"
"48",0.21318742268188,"fac_2",12,"female","masc","voi"
"49",-0.227710481529399,"fac_2",13,"male","masc","sti"
"50",0.211624292363065,"fac_2",14,"male","masc","sti"
"51",-0.0494507230128299,"fac_2",15,"male","masc","sti"
"52",-0.0209457446006337,"fac_2",16,"female","masc","sti"
"53",0.0547628590207436,"fac_2",17,"female","masc","sti"
"54",-0.107566906451726,"fac_2",18,"female","masc","sti"
"55",-0.0189337308095657,"fac_2",19,"male","femi","fac"
"56",0.372096181432485,"fac_2",20,"male","femi","fac"
"57",-0.0403866950959022,"fac_2",21,"male","femi","fac"
"58",-0.10662014720045,"fac_2",22,"female","femi","fac"
"59",-0.463918820363221,"fac_2",23,"female","femi","fac"
"60",0.115099324873126,"fac_2",24,"female","femi","fac"
"61",-0.195493690908372,"fac_2",25,"male","femi","voi"
"62",-0.0914539741088987,"fac_2",26,"male","femi","voi"
"63",-0.18387778992623,"fac_2",27,"male","femi","voi"
"64",-0.0509115367235348,"fac_2",28,"female","femi","voi"
"65",0.368811487165264,"fac_2",29,"female","femi","voi"
"66",0.239726057251276,"fac_2",30,"female","femi","voi"
"67",-0.198684429614853,"fac_2",31,"male","femi","sti"
"68",-0.049727293705474,"fac_2",32,"male","femi","sti"
"69",0.192455877808075,"fac_2",33,"male","femi","sti"
"70",0.273768020712221,"fac_2",34,"female","femi","sti"
"71",-0.00936793868489147,"fac_2",35,"female","femi","sti"
"72",0.16399496011647,"fac_2",36,"female","femi","sti"
"73",0.347259889292325,"fac_3",1,"male","masc","fac"
"74",0.189250116829573,"fac_3",2,"male","masc","fac"
"75",0.252016122884569,"fac_3",3,"male","masc","fac"
"76",0.00269541305913173,"fac_3",4,"female","masc","fac"
"77",-0.0282237857830193,"fac_3",5,"female","masc","fac"
"78",0.124112912526173,"fac_3",6,"female","masc","fac"
"79",-0.203063671013146,"fac_3",7,"male","masc","voi"
"80",0.00654151305132208,"fac_3",8,"male","masc","voi"
"81",-0.105945595796302,"fac_3",9,"male","masc","voi"
"82",-0.0521076389778136,"fac_3",10,"female","masc","voi"
"83",-0.219675825785845,"fac_3",11,"female","masc","voi"
"84",-0.0828113743738916,"fac_3",12,"female","masc","voi"
"85",0.0397764361384115,"fac_3",13,"male","masc","sti"
"86",0.31373489316302,"fac_3",14,"male","masc","sti"
"87",-0.171954233537983,"fac_3",15,"male","masc","sti"
"88",-0.151924663964043,"fac_3",16,"female","masc","sti"
"89",0.1143836162313,"fac_3",17,"female","masc","sti"
"90",-0.177107621682653,"fac_3",18,"female","masc","sti"
"91",0.279646966506538,"fac_3",19,"male","femi","fac"
"92",0.579457263532348,"fac_3",20,"male","femi","fac"
"93",0.0203787932484983,"fac_3",21,"male","femi","fac"
"94",-0.370284182894083,"fac_3",22,"female","femi","fac"
"95",0.279784310803227,"fac_3",23,"female","femi","fac"
"96",-0.270119639513039,"fac_3",24,"female","femi","fac"
"97",0.201919923287501,"fac_3",25,"male","femi","voi"
"98",0.233158996969686,"fac_3",26,"male","femi","voi"
"99",-0.0762986878681003,"fac_3",27,"male","femi","voi"
"100",0.271477820548588,"fac_3",28,"female","femi","voi"
"101",0.206325846261254,"fac_3",29,"female","femi","voi"
"102",0.0250036840667926,"fac_3",30,"female","femi","voi"
"103",0.22038156580081,"fac_3",31,"male","femi","sti"
"104",-0.306464313875082,"fac_3",32,"male","femi","sti"
"105",0.529144533725168,"fac_3",33,"male","femi","sti"
"106",-0.197748490651406,"fac_3",34,"female","femi","sti"
"107",0.112513121883888,"fac_3",35,"female","femi","sti"
"108",0.107132207745975,"fac_3",36,"female","femi","sti"
"109",0.135779670891065,"fac_4",1,"male","masc","fac"
"110",0.0742457426479718,"fac_4",2,"male","masc","fac"
"111",0.270964952051315,"fac_4",3,"male","masc","fac"
"112",-0.223810665400346,"fac_4",4,"female","masc","fac"
"113",-0.291852650709198,"fac_4",5,"female","masc","fac"
"114",-0.206119029072075,"fac_4",6,"female","masc","fac"
"115",0.0230414122054003,"fac_4",7,"male","masc","voi"
"116",-0.183658486050175,"fac_4",8,"male","masc","voi"
"117",-0.119719008762486,"fac_4",9,"male","masc","voi"
"118",-0.158271774304399,"fac_4",10,"female","masc","voi"
"119",-0.0597366268701684,"fac_4",11,"female","masc","voi"
"120",0.0962134667011579,"fac_4",12,"female","masc","voi"
"121",0.486843464170835,"fac_4",13,"male","masc","sti"
"122",0.371694251027135,"fac_4",14,"male","masc","sti"
"123",0.0659024740436637,"fac_4",15,"male","masc","sti"
"124",0.221699883662312,"fac_4",16,"female","masc","sti"
"125",0.17697599608598,"fac_4",17,"female","masc","sti"
"126",-0.175796523236992,"fac_4",18,"female","masc","sti"
"127",0.175959968317115,"fac_4",19,"male","femi","fac"
"128",0.424947748960956,"fac_4",20,"male","femi","fac"
"129",0.0426846304897206,"fac_4",21,"male","femi","fac"
"130",0.00569585532626091,"fac_4",22,"female","femi","fac"
"131",0.384098601444611,"fac_4",23,"female","femi","fac"
"132",-0.164021929662115,"fac_4",24,"female","femi","fac"
"133",0.0499342071598963,"fac_4",25,"male","femi","voi"
"134",0.0341415989494219,"fac_4",26,"male","femi","voi"
"135",-0.216124004534987,"fac_4",27,"male","femi","voi"
"136",0.193958129075489,"fac_4",28,"female","femi","voi"
"137",0.36641142596649,"fac_4",29,"female","femi","voi"
"138",-0.168858824568873,"fac_4",30,"female","femi","voi"
"139",0.204692021360392,"fac_4",31,"male","femi","sti"
"140",0.0207836854562817,"fac_4",32,"male","femi","sti"
"141",0.357334883330946,"fac_4",33,"male","femi","sti"
"142",0.0384983662939463,"fac_4",34,"female","femi","sti"
"143",-0.0444115740397856,"fac_4",35,"female","femi","sti"
"144",0.187127355006091,"fac_4",36,"female","femi","sti"
"145",0.435708628677812,"fac_5",1,"male","masc","fac"
"146",0.153889980490981,"fac_5",2,"male","masc","fac"
"147",0.0468498070941202,"fac_5",3,"male","masc","fac"
"148",-0.00545993511506242,"fac_5",4,"female","masc","fac"
"149",0.037677951302183,"fac_5",5,"female","masc","fac"
"150",0.322824538712561,"fac_5",6,"female","masc","fac"
"151",0.105096453321116,"fac_5",7,"male","masc","voi"
"152",-0.300413930333236,"fac_5",8,"male","masc","voi"
"153",-0.0189124536440844,"fac_5",9,"male","masc","voi"
"154",-0.244080719811115,"fac_5",10,"female","masc","voi"
"155",-0.11085842608297,"fac_5",11,"female","masc","voi"
"156",-0.0278695202982627,"fac_5",12,"female","masc","voi"
"157",0.184866630974976,"fac_5",13,"male","masc","sti"
"158",0.410636971995752,"fac_5",14,"male","masc","sti"
"159",0.12273946300163,"fac_5",15,"male","masc","sti"
"160",-0.0279979485301142,"fac_5",16,"female","masc","sti"
"161",0.411775664468567,"fac_5",17,"female","masc","sti"
"162",-0.0145146435753845,"fac_5",18,"female","masc","sti"
"163",0.287186345188526,"fac_5",19,"male","femi","fac"
"164",0.623328295726036,"fac_5",20,"male","femi","fac"
"165",0.318654474644104,"fac_5",21,"male","femi","fac"
"166",-0.0273232858234684,"fac_5",22,"female","femi","fac"
"167",0.701762506448603,"fac_5",23,"female","femi","fac"
"168",-0.0645626088348674,"fac_5",24,"female","femi","fac"
"169",0.132989099391807,"fac_5",25,"male","femi","voi"
"170",0.190310442963893,"fac_5",26,"male","femi","voi"
"171",4.57104657365633e-05,"fac_5",27,"male","femi","voi"
"172",0.210418640890647,"fac_5",28,"female","femi","voi"
"173",0.297525599807415,"fac_5",29,"female","femi","voi"
"174",-0.299636723884472,"fac_5",30,"female","femi","voi"
"175",0.347961817331855,"fac_5",31,"male","femi","sti"
"176",-0.126201635267132,"fac_5",32,"male","femi","sti"
"177",0.219274531582928,"fac_5",33,"male","femi","sti"
"178",-0.0197135103042766,"fac_5",34,"female","femi","sti"
"179",0.241014918247267,"fac_5",35,"female","femi","sti"
"180",0.20208584118129,"fac_5",36,"female","femi","sti"
"181",0.203430977156206,"fac_6",1,"male","masc","fac"
"182",0.11666221245654,"fac_6",2,"male","masc","fac"
"183",0.139549914784338,"fac_6",3,"male","masc","fac"
"184",-0.168033152963735,"fac_6",4,"female","masc","fac"
"185",0.244889438192053,"fac_6",5,"female","masc","fac"
"186",0.334452426543164,"fac_6",6,"female","masc","fac"
"187",-0.0666611245201652,"fac_6",7,"male","masc","voi"
"188",-0.228954379110809,"fac_6",8,"male","masc","voi"
"189",-0.0586225875867742,"fac_6",9,"male","masc","voi"
"190",-0.338555191367284,"fac_6",10,"female","masc","voi"
"191",-0.133642943289137,"fac_6",11,"female","masc","voi"
"192",-0.258289958917188,"fac_6",12,"female","masc","voi"
"193",0.146445123934095,"fac_6",13,"male","masc","sti"
"194",0.374192980073174,"fac_6",14,"male","masc","sti"
"195",-0.0278257454192935,"fac_6",15,"male","masc","sti"
"196",-0.0388158191618646,"fac_6",16,"female","masc","sti"
"197",0.245430887585111,"fac_6",17,"female","masc","sti"
"198",-0.00606677317322411,"fac_6",18,"female","masc","sti"
"199",0.202918932233043,"fac_6",19,"male","femi","fac"
"200",0.663465691063973,"fac_6",20,"male","femi","fac"
"201",0.165530728319418,"fac_6",21,"male","femi","fac"
"202",-0.21035475895367,"fac_6",22,"female","femi","fac"
"203",0.796696905102919,"fac_6",23,"female","femi","fac"
"204",-0.0229940663265437,"fac_6",24,"female","femi","fac"
"205",0.0271782770499215,"fac_6",25,"male","femi","voi"
"206",0.0408695221603325,"fac_6",26,"male","femi","voi"
"207",-0.18782943395378,"fac_6",27,"male","femi","voi"
"208",0.370164197790349,"fac_6",28,"female","femi","voi"
"209",0.592408547543002,"fac_6",29,"female","femi","voi"
"210",0.238240783639885,"fac_6",30,"female","femi","voi"
"211",0.469956841020494,"fac_6",31,"male","femi","sti"
"212",-0.314828415100578,"fac_6",32,"male","femi","sti"
"213",0.261004087058633,"fac_6",33,"male","femi","sti"
"214",0.305076949400556,"fac_6",34,"female","femi","sti"
"215",0.181908268146591,"fac_6",35,"female","femi","sti"
"216",0.2755647492964,"fac_6",36,"female","femi","sti"
"217",0.485074197383328,"fac_7",1,"male","masc","fac"
"218",0.179647852252569,"fac_7",2,"male","masc","fac"
"219",0.0110064171388175,"fac_7",3,"male","masc","fac"
"220",0.220161049943107,"fac_7",4,"female","masc","fac"
"221",0.427619316025051,"fac_7",5,"female","masc","fac"
"222",0.615778930666716,"fac_7",6,"female","masc","fac"
"223",-0.210707475924806,"fac_7",7,"male","masc","voi"
"224",-0.120878550696452,"fac_7",8,"male","masc","voi"
"225",-0.262490481973504,"fac_7",9,"male","masc","voi"
"226",0.0355249976676498,"fac_7",10,"female","masc","voi"
"227",0.0766540262315492,"fac_7",11,"female","masc","voi"
"228",-0.0072630204931336,"fac_7",12,"female","masc","voi"
"229",0.514445464483751,"fac_7",13,"male","masc","sti"
"230",0.736935943205362,"fac_7",14,"male","masc","sti"
"231",0.078795852729479,"fac_7",15,"male","masc","sti"
"232",-0.0142174894788393,"fac_7",16,"female","masc","sti"
"233",0.461482760462161,"fac_7",17,"female","masc","sti"
"234",0.0860834580144043,"fac_7",18,"female","masc","sti"
"235",0.286540105874181,"fac_7",19,"male","femi","fac"
"236",0.821116472790572,"fac_7",20,"male","femi","fac"
"237",0.431185916779642,"fac_7",21,"male","femi","fac"
"238",0.0626266906898274,"fac_7",22,"female","femi","fac"
"239",0.832055209825468,"fac_7",23,"female","femi","fac"
"240",0.0519643805105472,"fac_7",24,"female","femi","fac"
"241",0.00553849643357422,"fac_7",25,"male","femi","voi"
"242",0.404753489171355,"fac_7",26,"male","femi","voi"
"243",-0.164058869926443,"fac_7",27,"male","femi","voi"
"244",0.224170063639446,"fac_7",28,"female","femi","voi"
"245",0.138252091931838,"fac_7",29,"female","femi","voi"
"246",-0.0897637114984391,"fac_7",30,"female","femi","voi"
"247",0.84917923594438,"fac_7",31,"male","femi","sti"
"248",0.170354692831854,"fac_7",32,"male","femi","sti"
"249",0.323044597115081,"fac_7",33,"male","femi","sti"
"250",0.551013505861704,"fac_7",34,"female","femi","sti"
"251",0.534823233118336,"fac_7",35,"female","femi","sti"
"252",0.0476169297976647,"fac_7",36,"female","femi","sti"
"253",0.556855724054865,"fac_8",1,"male","masc","fac"
"254",0.243287387811744,"fac_8",2,"male","masc","fac"
"255",0.286337082426246,"fac_8",3,"male","masc","fac"
"256",0.112214552300364,"fac_8",4,"female","masc","fac"
"257",0.282423292930814,"fac_8",5,"female","masc","fac"
"258",0.662369394210727,"fac_8",6,"female","masc","fac"
"259",-0.253348471921944,"fac_8",7,"male","masc","voi"
"260",-0.111620490949223,"fac_8",8,"male","masc","voi"
"261",-0.222887922909514,"fac_8",9,"male","masc","voi"
"262",8.84068164980676e-06,"fac_8",10,"female","masc","voi"
"263",0.0426696343734224,"fac_8",11,"female","masc","voi"
"264",-0.00782247699351802,"fac_8",12,"female","masc","voi"
"265",0.537961128192893,"fac_8",13,"male","masc","sti"
"266",0.739070164974357,"fac_8",14,"male","masc","sti"
"267",0.126494695621094,"fac_8",15,"male","masc","sti"
"268",0.168257845965562,"fac_8",16,"female","masc","sti"
"269",0.64518910293363,"fac_8",17,"female","masc","sti"
"270",0.287278752584834,"fac_8",18,"female","masc","sti"
"271",0.501265427315293,"fac_8",19,"male","femi","fac"
"272",1.22180756407742,"fac_8",20,"male","femi","fac"
"273",0.581070147061814,"fac_8",21,"male","femi","fac"
"274",0.0981225646858308,"fac_8",22,"female","femi","fac"
"275",1.16761055911231,"fac_8",23,"female","femi","fac"
"276",0.183055132298642,"fac_8",24,"female","femi","fac"
"277",0.124226595785574,"fac_8",25,"male","femi","voi"
"278",0.381314802277949,"fac_8",26,"male","femi","voi"
"279",-0.409060245456208,"fac_8",27,"male","femi","voi"
"280",0.0487853458593723,"fac_8",28,"female","femi","voi"
"281",0.679022512078744,"fac_8",29,"female","femi","voi"
"282",0.384231159140085,"fac_8",30,"female","femi","voi"
"283",0.914356863735027,"fac_8",31,"male","femi","sti"
"284",0.0507985651431976,"fac_8",32,"male","femi","sti"
"285",0.347682507005277,"fac_8",33,"male","femi","sti"
"286",0.634846055188813,"fac_8",34,"female","femi","sti"
"287",0.244291139584605,"fac_8",35,"female","femi","sti"
"288",0.254495477850824,"fac_8",36,"female","femi","sti"
"289",0.562394728193952,"fac_9",1,"male","masc","fac"
"290",0.492259779384396,"fac_9",2,"male","masc","fac"
"291",0.451597038683623,"fac_9",3,"male","masc","fac"
"292",0.273478451838132,"fac_9",4,"female","masc","fac"
"293",0.799672181316411,"fac_9",5,"female","masc","fac"
"294",1.04644915035246,"fac_9",6,"female","masc","fac"
"295",0.0367272652706175,"fac_9",7,"male","masc","voi"
"296",-0.304645770914192,"fac_9",8,"male","masc","voi"
"297",0.0447050779160148,"fac_9",9,"male","masc","voi"
"298",-0.289093158198417,"fac_9",10,"female","masc","voi"
"299",0.0269435172722234,"fac_9",11,"female","masc","voi"
"300",0.417443273062918,"fac_9",12,"female","masc","voi"
"301",0.827340639690789,"fac_9",13,"male","masc","sti"
"302",0.96248644573365,"fac_9",14,"male","masc","sti"
"303",-0.0255132540164255,"fac_9",15,"male","masc","sti"
"304",0.0340272113736646,"fac_9",16,"female","masc","sti"
"305",0.605762143149483,"fac_9",17,"female","masc","sti"
"306",0.344695410019423,"fac_9",18,"female","masc","sti"
"307",0.489363559802992,"fac_9",19,"male","femi","fac"
"308",1.26560304019977,"fac_9",20,"male","femi","fac"
"309",1.05506126206791,"fac_9",21,"male","femi","fac"
"310",0.333452658281248,"fac_9",22,"female","femi","fac"
"311",1.32825077895102,"fac_9",23,"female","femi","fac"
"312",0.409763108827149,"fac_9",24,"female","femi","fac"
"313",-0.0143695933290697,"fac_9",25,"male","femi","voi"
"314",0.204468958900436,"fac_9",26,"male","femi","voi"
"315",-0.213694795902694,"fac_9",27,"male","femi","voi"
"316",0.613464791560096,"fac_9",28,"female","femi","voi"
"317",0.336504937062611,"fac_9",29,"female","femi","voi"
"318",0.22959462828656,"fac_9",30,"female","femi","voi"
"319",1.12868105042754,"fac_9",31,"male","femi","sti"
"320",-0.0691827723656302,"fac_9",32,"male","femi","sti"
"321",0.056978341439405,"fac_9",33,"male","femi","sti"
"322",0.359536412959286,"fac_9",34,"female","femi","sti"
"323",0.839713630684016,"fac_9",35,"female","femi","sti"
"324",0.30801313915676,"fac_9",36,"female","femi","sti"
"325",1.07983435865991,"fac_10",1,"male","masc","fac"
"326",0.460405332506122,"fac_10",2,"male","masc","fac"
"327",0.350845016329558,"fac_10",3,"male","masc","fac"
"328",0.192498181019571,"fac_10",4,"female","masc","fac"
"329",1.17813755892889,"fac_10",5,"female","masc","fac"
"330",1.28776998661682,"fac_10",6,"female","masc","fac"
"331",0.039043253119392,"fac_10",7,"male","masc","voi"
"332",-0.18802257620766,"fac_10",8,"male","masc","voi"
"333",-0.0983587556908048,"fac_10",9,"male","masc","voi"
"334",0.406925793105637,"fac_10",10,"female","masc","voi"
"335",0.298410268865501,"fac_10",11,"female","masc","voi"
"336",-0.0370561645119725,"fac_10",12,"female","masc","voi"
"337",1.26473165946257,"fac_10",13,"male","masc","sti"
"338",1.21201860158351,"fac_10",14,"male","masc","sti"
"339",0.358841166471276,"fac_10",15,"male","masc","sti"
"340",0.0881225347451511,"fac_10",16,"female","masc","sti"
"341",0.877154403869961,"fac_10",17,"female","masc","sti"
"342",0.470256002219743,"fac_10",18,"female","masc","sti"
"343",0.789523911691885,"fac_10",19,"male","femi","fac"
"344",1.14785142686568,"fac_10",20,"male","femi","fac"
"345",0.913393774334552,"fac_10",21,"male","femi","fac"
"346",0.39177511976207,"fac_10",22,"female","femi","fac"
"347",1.46308872226446,"fac_10",23,"female","femi","fac"
"348",0.402148074314265,"fac_10",24,"female","femi","fac"
"349",0.308573243580582,"fac_10",25,"male","femi","voi"
"350",0.337038094635165,"fac_10",26,"male","femi","voi"
"351",-0.236104120520121,"fac_10",27,"male","femi","voi"
"352",0.621934927855583,"fac_10",28,"female","femi","voi"
"353",0.519749924713154,"fac_10",29,"female","femi","voi"
"354",0.672804640125938,"fac_10",30,"female","femi","voi"
"355",1.53469833881273,"fac_10",31,"male","femi","sti"
"356",0.0796142216362874,"fac_10",32,"male","femi","sti"
"357",0.337740027421139,"fac_10",33,"male","femi","sti"
"358",0.771057769911789,"fac_10",34,"female","femi","sti"
"359",1.19910461681033,"fac_10",35,"female","femi","sti"
"360",0.546039158435614,"fac_10",36,"female","femi","sti"
"361",1.11107519773246,"fac_11",1,"male","masc","fac"
"362",0.463145313353756,"fac_11",2,"male","masc","fac"
"363",0.586665567395924,"fac_11",3,"male","masc","fac"
"364",0.329206180058027,"fac_11",4,"female","masc","fac"
"365",1.43233838963868,"fac_11",5,"female","masc","fac"
"366",1.61619004561467,"fac_11",6,"female","masc","fac"
"367",-0.114774313606078,"fac_11",7,"male","masc","voi"
"368",-0.151978172356698,"fac_11",8,"male","masc","voi"
"369",-0.261760371427531,"fac_11",9,"male","masc","voi"
"370",0.083037642704522,"fac_11",10,"female","masc","voi"
"371",0.11462729687141,"fac_11",11,"female","masc","voi"
"372",0.142505603851993,"fac_11",12,"female","masc","voi"
"373",1.45390170909069,"fac_11",13,"male","masc","sti"
"374",1.75364049429105,"fac_11",14,"male","masc","sti"
"375",0.188828677552997,"fac_11",15,"male","masc","sti"
"376",0.166905541695517,"fac_11",16,"female","masc","sti"
"377",1.07918763271836,"fac_11",17,"female","masc","sti"
"378",0.260782812293589,"fac_11",18,"female","masc","sti"
"379",0.609164506450365,"fac_11",19,"male","femi","fac"
"380",1.65690969964659,"fac_11",20,"male","femi","fac"
"381",1.32967231718237,"fac_11",21,"male","femi","fac"
"382",0.511933130961476,"fac_11",22,"female","femi","fac"
"383",2.10750029634849,"fac_11",23,"female","femi","fac"
"384",0.554499406681404,"fac_11",24,"female","femi","fac"
"385",0.495938631867454,"fac_11",25,"male","femi","voi"
"386",0.288103323136715,"fac_11",26,"male","femi","voi"
"387",-0.432137042919088,"fac_11",27,"male","femi","voi"
"388",0.401175652967055,"fac_11",28,"female","femi","voi"
"389",0.828570182809261,"fac_11",29,"female","femi","voi"
"390",0.341645008906728,"fac_11",30,"female","femi","voi"
"391",1.51461755650319,"fac_11",31,"male","femi","sti"
"392",0.21140847292989,"fac_11",32,"male","femi","sti"
"393",0.523713080979102,"fac_11",33,"male","femi","sti"
"394",0.943624673406619,"fac_11",34,"female","femi","sti"
"395",1.23444847675359,"fac_11",35,"female","femi","sti"
"396",0.654654127089004,"fac_11",36,"female","femi","sti"
"397",1.57370619694507,"fac_12",1,"male","masc","fac"
"398",0.679947302834336,"fac_12",2,"male","masc","fac"
"399",0.486283120960651,"fac_12",3,"male","masc","fac"
"400",0.54767232359817,"fac_12",4,"female","masc","fac"
"401",1.58718876932442,"fac_12",5,"female","masc","fac"
"402",1.92635971918232,"fac_12",6,"female","masc","fac"
"403",0.0495781602901932,"fac_12",7,"male","masc","voi"
"404",-0.0251724223572232,"fac_12",8,"male","masc","voi"
"405",0.0552616899329032,"fac_12",9,"male","masc","voi"
"406",0.234455921390545,"fac_12",10,"female","masc","voi"
"407",0.0641432991011054,"fac_12",11,"female","masc","voi"
"408",0.134857089922775,"fac_12",12,"female","masc","voi"
"409",2.29141290249322,"fac_12",13,"male","masc","sti"
"410",2.1402664815392,"fac_12",14,"male","masc","sti"
"411",0.196287793127606,"fac_12",15,"male","masc","sti"
"412",0.282528932668046,"fac_12",16,"female","masc","sti"
"413",1.15772706573407,"fac_12",17,"female","masc","sti"
"414",0.564170420990314,"fac_12",18,"female","masc","sti"
"415",1.08754016713111,"fac_12",19,"male","femi","fac"
"416",1.94039568951564,"fac_12",20,"male","femi","fac"
"417",1.56543168477345,"fac_12",21,"male","femi","fac"
"418",0.972455660030134,"fac_12",22,"female","femi","fac"
"419",2.37896200597328,"fac_12",23,"female","femi","fac"
"420",0.536033910596631,"fac_12",24,"female","femi","fac"
"421",0.240644380019413,"fac_12",25,"male","femi","voi"
"422",0.921657572495128,"fac_12",26,"male","femi","voi"
"423",-0.399220902111685,"fac_12",27,"male","femi","voi"
"424",0.748344289338012,"fac_12",28,"female","femi","voi"
"425",1.01101437653646,"fac_12",29,"female","femi","voi"
"426",0.314712294658597,"fac_12",30,"female","femi","voi"
"427",1.86440412889619,"fac_12",31,"male","femi","sti"
"428",0.607496326115452,"fac_12",32,"male","femi","sti"
"429",0.429251921530058,"fac_12",33,"male","femi","sti"
"430",0.944834713258475,"fac_12",34,"female","femi","sti"
"431",1.6037187771192,"fac_12",35,"female","femi","sti"
"432",0.83218654295519,"fac_12",36,"female","femi","sti"
"433",1.74241575518949,"fac_13",1,"male","masc","fac"
"434",0.903481854019652,"fac_13",2,"male","masc","fac"
"435",0.671918052780743,"fac_13",3,"male","masc","fac"
"436",0.591804944675423,"fac_13",4,"female","masc","fac"
"437",1.9059305839099,"fac_13",5,"female","masc","fac"
"438",2.1750145586581,"fac_13",6,"female","masc","fac"
"439",0.0777850919294787,"fac_13",7,"male","masc","voi"
"440",0.153999616303057,"fac_13",8,"male","masc","voi"
"441",0.16607724569119,"fac_13",9,"male","masc","voi"
"442",0.411828808621775,"fac_13",10,"female","masc","voi"
"443",0.424277499371209,"fac_13",11,"female","masc","voi"
"444",0.364740156430719,"fac_13",12,"female","masc","voi"
"445",2.15438732157716,"fac_13",13,"male","masc","sti"
"446",2.16073529605849,"fac_13",14,"male","masc","sti"
"447",0.261829611498579,"fac_13",15,"male","masc","sti"
"448",0.353015178566639,"fac_13",16,"female","masc","sti"
"449",1.46337949319709,"fac_13",17,"female","masc","sti"
"450",0.468768889236294,"fac_13",18,"female","masc","sti"
"451",1.14458619099577,"fac_13",19,"male","femi","fac"
"452",2.066262829841,"fac_13",20,"male","femi","fac"
"453",1.79663004082904,"fac_13",21,"male","femi","fac"
"454",0.87823341396471,"fac_13",22,"female","femi","fac"
"455",2.7345670063652,"fac_13",23,"female","femi","fac"
"456",0.7211862255705,"fac_13",24,"female","femi","fac"
"457",0.380505905299147,"fac_13",25,"male","femi","voi"
"458",0.766269874000999,"fac_13",26,"male","femi","voi"
"459",-0.1656731387608,"fac_13",27,"male","femi","voi"
"460",0.676287223739841,"fac_13",28,"female","femi","voi"
"461",0.984372198890951,"fac_13",29,"female","femi","voi"
"462",0.399256207930908,"fac_13",30,"female","femi","voi"
"463",1.67151480926864,"fac_13",31,"male","femi","sti"
"464",0.869312718798527,"fac_13",32,"male","femi","sti"
"465",0.499536173295121,"fac_13",33,"male","femi","sti"
"466",1.11391815237272,"fac_13",34,"female","femi","sti"
"467",1.55981211737651,"fac_13",35,"female","femi","sti"
"468",0.969875473614988,"fac_13",36,"female","femi","sti"
"469",2.17672717025252,"fac_14",1,"male","masc","fac"
"470",1.17105627316323,"fac_14",2,"male","masc","fac"
"471",0.627169264739133,"fac_14",3,"male","masc","fac"
"472",0.752277247158952,"fac_14",4,"female","masc","fac"
"473",2.4930969233113,"fac_14",5,"female","masc","fac"
"474",2.75083669525574,"fac_14",6,"female","masc","fac"
"475",-0.020355917293055,"fac_14",7,"male","masc","voi"
"476",-0.0294899298484464,"fac_14",8,"male","masc","voi"
"477",-0.0923904863742703,"fac_14",9,"male","masc","voi"
"478",-0.0257303853430614,"fac_14",10,"female","masc","voi"
"479",0.286007353503263,"fac_14",11,"female","masc","voi"
"480",0.229359772192055,"fac_14",12,"female","masc","voi"
"481",2.57713201253085,"fac_14",13,"male","masc","sti"
"482",2.88278015240461,"fac_14",14,"male","masc","sti"
"483",0.495512743862229,"fac_14",15,"male","masc","sti"
"484",0.403188357053534,"fac_14",16,"female","masc","sti"
"485",1.81870126639651,"fac_14",17,"female","masc","sti"
"486",0.624759971743555,"fac_14",18,"female","masc","sti"
"487",1.63426699931253,"fac_14",19,"male","femi","fac"
"488",2.2568358285319,"fac_14",20,"male","femi","fac"
"489",2.1299340211443,"fac_14",21,"male","femi","fac"
"490",1.73670625552247,"fac_14",22,"female","femi","fac"
"491",2.73559144422173,"fac_14",23,"female","femi","fac"
"492",0.9072975193064,"fac_14",24,"female","femi","fac"
"493",0.231971331627362,"fac_14",25,"male","femi","voi"
"494",1.13118546543448,"fac_14",26,"male","femi","voi"
"495",0.247228388928575,"fac_14",27,"male","femi","voi"
"496",0.661181403161373,"fac_14",28,"female","femi","voi"
"497",1.13206625754641,"fac_14",29,"female","femi","voi"
"498",0.530968241867662,"fac_14",30,"female","femi","voi"
"499",1.90469209791528,"fac_14",31,"male","femi","sti"
"500",1.09934886158489,"fac_14",32,"male","femi","sti"
"501",1.0009038405038,"fac_14",33,"male","femi","sti"
"502",1.33922622340915,"fac_14",34,"female","femi","sti"
"503",2.61735569360601,"fac_14",35,"female","femi","sti"
"504",1.06855783834078,"fac_14",36,"female","femi","sti"
"505",2.355672148714,"fac_15",1,"male","masc","fac"
"506",1.10502299746826,"fac_15",2,"male","masc","fac"
"507",0.849017846183619,"fac_15",3,"male","masc","fac"
"508",0.684667682887142,"fac_15",4,"female","masc","fac"
"509",2.02693892386604,"fac_15",5,"female","masc","fac"
"510",2.78054194256211,"fac_15",6,"female","masc","fac"
"511",-0.00450953841832046,"fac_15",7,"male","masc","voi"
"512",0.100040350797162,"fac_15",8,"male","masc","voi"
"513",-0.00666743299819918,"fac_15",9,"male","masc","voi"
"514",0.11666131409498,"fac_15",10,"female","masc","voi"
"515",0.298907153577377,"fac_15",11,"female","masc","voi"
"516",0.163469273202806,"fac_15",12,"female","masc","voi"
"517",2.47524484997013,"fac_15",13,"male","masc","sti"
"518",3.07306461538499,"fac_15",14,"male","masc","sti"
"519",0.501168866713757,"fac_15",15,"male","masc","sti"
"520",0.384345639744697,"fac_15",16,"female","masc","sti"
"521",2.01804977202203,"fac_15",17,"female","masc","sti"
"522",0.639164337971917,"fac_15",18,"female","masc","sti"
"523",1.54955236129952,"fac_15",19,"male","femi","fac"
"524",2.57538639578619,"fac_15",20,"male","femi","fac"
"525",2.01386536791841,"fac_15",21,"male","femi","fac"
"526",1.88407836183983,"fac_15",22,"female","femi","fac"
"527",3.54167602191651,"fac_15",23,"female","femi","fac"
"528",1.02782131391586,"fac_15",24,"female","femi","fac"
"529",0.514751682385279,"fac_15",25,"male","femi","voi"
"530",0.787603465229386,"fac_15",26,"male","femi","voi"
"531",-0.111173631772847,"fac_15",27,"male","femi","voi"
"532",0.977963177966501,"fac_15",28,"female","femi","voi"
"533",1.03449639204885,"fac_15",29,"female","femi","voi"
"534",0.826759249257048,"fac_15",30,"female","femi","voi"
"535",1.94369237487137,"fac_15",31,"male","femi","sti"
"536",1.20219181310987,"fac_15",32,"male","femi","sti"
"537",0.945314803820693,"fac_15",33,"male","femi","sti"
"538",1.26709035104832,"fac_15",34,"female","femi","sti"
"539",2.3709317566357,"fac_15",35,"female","femi","sti"
"540",1.32490518422474,"fac_15",36,"female","femi","sti"
"541",2.58458270452237,"fac_16",1,"male","masc","fac"
"542",1.2644908735856,"fac_16",2,"male","masc","fac"
"543",1.07012753836226,"fac_16",3,"male","masc","fac"
"544",1.23681744692148,"fac_16",4,"female","masc","fac"
"545",2.49550638176229,"fac_16",5,"female","masc","fac"
"546",3.17258233840854,"fac_16",6,"female","masc","fac"
"547",0.00574900969285758,"fac_16",7,"male","masc","voi"
"548",0.0595761037438598,"fac_16",8,"male","masc","voi"
"549",0.105604955696882,"fac_16",9,"male","masc","voi"
"550",0.482139852424924,"fac_16",10,"female","masc","voi"
"551",0.309585885569024,"fac_16",11,"female","masc","voi"
"552",0.429702558004974,"fac_16",12,"female","masc","voi"
"553",2.98141278741418,"fac_16",13,"male","masc","sti"
"554",3.63460626650339,"fac_16",14,"male","masc","sti"
"555",0.40547076101606,"fac_16",15,"male","masc","sti"
"556",0.890717323226815,"fac_16",16,"female","masc","sti"
"557",2.16507808911527,"fac_16",17,"female","masc","sti"
"558",0.649913871653445,"fac_16",18,"female","masc","sti"
"559",2.0962732177264,"fac_16",19,"male","femi","fac"
"560",2.8757197031827,"fac_16",20,"male","femi","fac"
"561",2.14297667673767,"fac_16",21,"male","femi","fac"
"562",2.27626634340495,"fac_16",22,"female","femi","fac"
"563",3.8865825568499,"fac_16",23,"female","femi","fac"
"564",1.22520065721415,"fac_16",24,"female","femi","fac"
"565",0.481096411620852,"fac_16",25,"male","femi","voi"
"566",0.792789645917315,"fac_16",26,"male","femi","voi"
"567",-0.0207283180620119,"fac_16",27,"male","femi","voi"
"568",1.14445456911286,"fac_16",28,"female","femi","voi"
"569",1.4441693237861,"fac_16",29,"female","femi","voi"
"570",0.583252119188484,"fac_16",30,"female","femi","voi"
"571",2.25746919893453,"fac_16",31,"male","femi","sti"
"572",1.94415943665056,"fac_16",32,"male","femi","sti"
"573",1.1406267278103,"fac_16",33,"male","femi","sti"
"574",1.7928773308279,"fac_16",34,"female","femi","sti"
"575",2.56923214966275,"fac_16",35,"female","femi","sti"
"576",1.45095255126753,"fac_16",36,"female","femi","sti"
"577",2.68193378136054,"fac_17",1,"male","masc","fac"
"578",1.29168186068301,"fac_17",2,"male","masc","fac"
"579",1.01681794801427,"fac_17",3,"male","masc","fac"
"580",1.24255700967126,"fac_17",4,"female","masc","fac"
"581",2.57240343820424,"fac_17",5,"female","masc","fac"
"582",3.23890102609879,"fac_17",6,"female","masc","fac"
"583",0.0981523577457914,"fac_17",7,"male","masc","voi"
"584",0.0869596182117978,"fac_17",8,"male","masc","voi"
"585",0.265614475358161,"fac_17",9,"male","masc","voi"
"586",0.655587472403007,"fac_17",10,"female","masc","voi"
"587",0.669974712582998,"fac_17",11,"female","masc","voi"
"588",0.565364617691612,"fac_17",12,"female","masc","voi"
"589",3.19092865829184,"fac_17",13,"male","masc","sti"
"590",3.94583847937504,"fac_17",14,"male","masc","sti"
"591",0.639244172244827,"fac_17",15,"male","masc","sti"
"592",0.769737267812263,"fac_17",16,"female","masc","sti"
"593",2.08534888093427,"fac_17",17,"female","masc","sti"
"594",0.859206919665162,"fac_17",18,"female","masc","sti"
"595",2.00851980268035,"fac_17",19,"male","femi","fac"
"596",3.0642012167569,"fac_17",20,"male","femi","fac"
"597",2.42524056515448,"fac_17",21,"male","femi","fac"
"598",2.22757541469478,"fac_17",22,"female","femi","fac"
"599",4.04997496994187,"fac_17",23,"female","femi","fac"
"600",1.43673260377056,"fac_17",24,"female","femi","fac"
"601",0.583573108303514,"fac_17",25,"male","femi","voi"
"602",0.677010751679568,"fac_17",26,"male","femi","voi"
"603",-0.154638081752228,"fac_17",27,"male","femi","voi"
"604",0.884160107036463,"fac_17",28,"female","femi","voi"
"605",1.314674449847,"fac_17",29,"female","femi","voi"
"606",0.404661666937498,"fac_17",30,"female","femi","voi"
"607",1.88045810664989,"fac_17",31,"male","femi","sti"
"608",1.86167763035531,"fac_17",32,"male","femi","sti"
"609",0.851939772059072,"fac_17",33,"male","femi","sti"
"610",1.91881810552577,"fac_17",34,"female","femi","sti"
"611",2.59351520875064,"fac_17",35,"female","femi","sti"
"612",1.58703746564477,"fac_17",36,"female","femi","sti"
"613",3.13133671014959,"fac_18",1,"male","masc","fac"
"614",1.50313819638216,"fac_18",2,"male","masc","fac"
"615",1.27928063258751,"fac_18",3,"male","masc","fac"
"616",1.50281554620464,"fac_18",4,"female","masc","fac"
"617",2.92651910863521,"fac_18",5,"female","masc","fac"
"618",3.51143224841419,"fac_18",6,"female","masc","fac"
"619",0.142158106118736,"fac_18",7,"male","masc","voi"
"620",0.110667214304933,"fac_18",8,"male","masc","voi"
"621",0.210642585281484,"fac_18",9,"male","masc","voi"
"622",0.719745846905129,"fac_18",10,"female","masc","voi"
"623",0.597007733230973,"fac_18",11,"female","masc","voi"
"624",0.358122822313768,"fac_18",12,"female","masc","voi"
"625",3.76152866547624,"fac_18",13,"male","masc","sti"
"626",4.20905374121902,"fac_18",14,"male","masc","sti"
"627",0.42935456501037,"fac_18",15,"male","masc","sti"
"628",0.995788850315741,"fac_18",16,"female","masc","sti"
"629",2.61010028911647,"fac_18",17,"female","masc","sti"
"630",1.13374881099133,"fac_18",18,"female","masc","sti"
"631",2.30209210677326,"fac_18",19,"male","femi","fac"
"632",3.20836868377228,"fac_18",20,"male","femi","fac"
"633",2.73622641761755,"fac_18",21,"male","femi","fac"
"634",2.99456169849919,"fac_18",22,"female","femi","fac"
"635",4.6592685970858,"fac_18",23,"female","femi","fac"
"636",1.56124808872847,"fac_18",24,"female","femi","fac"
"637",0.702118414923859,"fac_18",25,"male","femi","voi"
"638",0.86676895769544,"fac_18",26,"male","femi","voi"
"639",-0.154484980732495,"fac_18",27,"male","femi","voi"
"640",1.17518249202728,"fac_18",28,"female","femi","voi"
"641",1.66854440506409,"fac_18",29,"female","femi","voi"
"642",0.841899968326707,"fac_18",30,"female","femi","voi"
"643",2.13631649083608,"fac_18",31,"male","femi","sti"
"644",2.24486935824087,"fac_18",32,"male","femi","sti"
"645",1.24058793231203,"fac_18",33,"male","femi","sti"
"646",2.34375574691792,"fac_18",34,"female","femi","sti"
"647",2.78490408807011,"fac_18",35,"female","femi","sti"
"648",2.16029481597814,"fac_18",36,"female","femi","sti"
"649",0,"voi_1",1,"male","masc","fac"
"650",0,"voi_1",2,"male","masc","fac"
"651",0,"voi_1",3,"male","masc","fac"
"652",0,"voi_1",4,"female","masc","fac"
"653",0,"voi_1",5,"female","masc","fac"
"654",0,"voi_1",6,"female","masc","fac"
"655",0,"voi_1",7,"male","masc","voi"
"656",0,"voi_1",8,"male","masc","voi"
"657",0,"voi_1",9,"male","masc","voi"
"658",0,"voi_1",10,"female","masc","voi"
"659",0,"voi_1",11,"female","masc","voi"
"660",0,"voi_1",12,"female","masc","voi"
"661",0,"voi_1",13,"male","masc","sti"
"662",0,"voi_1",14,"male","masc","sti"
"663",0,"voi_1",15,"male","masc","sti"
"664",0,"voi_1",16,"female","masc","sti"
"665",0,"voi_1",17,"female","masc","sti"
"666",0,"voi_1",18,"female","masc","sti"
"667",0,"voi_1",19,"male","femi","fac"
"668",0,"voi_1",20,"male","femi","fac"
"669",0,"voi_1",21,"male","femi","fac"
"670",0,"voi_1",22,"female","femi","fac"
"671",0,"voi_1",23,"female","femi","fac"
"672",0,"voi_1",24,"female","femi","fac"
"673",0,"voi_1",25,"male","femi","voi"
"674",0,"voi_1",26,"male","femi","voi"
"675",0,"voi_1",27,"male","femi","voi"
"676",0,"voi_1",28,"female","femi","voi"
"677",0,"voi_1",29,"female","femi","voi"
"678",0,"voi_1",30,"female","femi","voi"
"679",0,"voi_1",31,"male","femi","sti"
"680",0,"voi_1",32,"male","femi","sti"
"681",0,"voi_1",33,"male","femi","sti"
"682",0,"voi_1",34,"female","femi","sti"
"683",0,"voi_1",35,"female","femi","sti"
"684",0,"voi_1",36,"female","femi","sti"
"685",-0.191535519174758,"voi_2",1,"male","masc","fac"
"686",0.230864111977662,"voi_2",2,"male","masc","fac"
"687",-0.257417742002936,"voi_2",3,"male","masc","fac"
"688",0.249800852325047,"voi_2",4,"female","masc","fac"
"689",-0.0986685279545931,"voi_2",5,"female","masc","fac"
"690",0.176685455978372,"voi_2",6,"female","masc","fac"
"691",-0.177681629941776,"voi_2",7,"male","masc","voi"
"692",0.326915613979949,"voi_2",8,"male","masc","voi"
"693",0.402013288176218,"voi_2",9,"male","masc","voi"
"694",-0.0780219941976963,"voi_2",10,"female","masc","voi"
"695",0.363578206300585,"voi_2",11,"female","masc","voi"
"696",0.169931637533895,"voi_2",12,"female","masc","voi"
"697",-0.00368997615107915,"voi_2",13,"male","masc","sti"
"698",0.10405601077775,"voi_2",14,"male","masc","sti"
"699",-0.183335777009613,"voi_2",15,"male","masc","sti"
"700",0.103264902750976,"voi_2",16,"female","masc","sti"
"701",0.00129394535026293,"voi_2",17,"female","masc","sti"
"702",-0.105178779443221,"voi_2",18,"female","masc","sti"
"703",0.340141889458653,"voi_2",19,"male","femi","fac"
"704",0.250535862450277,"voi_2",20,"male","femi","fac"
"705",-0.0425488447871388,"voi_2",21,"male","femi","fac"
"706",0.0720524195086264,"voi_2",22,"female","femi","fac"
"707",-0.353429823467688,"voi_2",23,"female","femi","fac"
"708",0.116501998341194,"voi_2",24,"female","femi","fac"
"709",-0.0169417289001366,"voi_2",25,"male","femi","voi"
"710",0.858492827840758,"voi_2",26,"male","femi","voi"
"711",0.280116362996444,"voi_2",27,"male","femi","voi"
"712",0.0968354724802684,"voi_2",28,"female","femi","voi"
"713",0.777142951906245,"voi_2",29,"female","femi","voi"
"714",0.0768130751918558,"voi_2",30,"female","femi","voi"
"715",-0.506156642050527,"voi_2",31,"male","femi","sti"
"716",0.0992790476526549,"voi_2",32,"male","femi","sti"
"717",-0.012545908156211,"voi_2",33,"male","femi","sti"
"718",0.449252222636528,"voi_2",34,"female","femi","sti"
"719",-0.314088951864435,"voi_2",35,"female","femi","sti"
"720",0.204735181145697,"voi_2",36,"female","femi","sti"
"721",-0.0169817449969203,"voi_3",1,"male","masc","fac"
"722",0.371391467178583,"voi_3",2,"male","masc","fac"
"723",-0.0548488019084942,"voi_3",3,"male","masc","fac"
"724",0.149524443827732,"voi_3",4,"female","masc","fac"
"725",0.0577643290367498,"voi_3",5,"female","masc","fac"
"726",0.107020587655883,"voi_3",6,"female","masc","fac"
"727",-0.31735527564824,"voi_3",7,"male","masc","voi"
"728",0.544173741149838,"voi_3",8,"male","masc","voi"
"729",0.599828116884832,"voi_3",9,"male","masc","voi"
"730",0.564437667146374,"voi_3",10,"female","masc","voi"
"731",0.435399305085091,"voi_3",11,"female","masc","voi"
"732",0.363635830004538,"voi_3",12,"female","masc","voi"
"733",0.130055004209849,"voi_3",13,"male","masc","sti"
"734",-0.174776107552197,"voi_3",14,"male","masc","sti"
"735",-0.0341458042566175,"voi_3",15,"male","masc","sti"
"736",0.198910364119713,"voi_3",16,"female","masc","sti"
"737",0.175407606464798,"voi_3",17,"female","masc","sti"
"738",0.462766522337267,"voi_3",18,"female","masc","sti"
"739",0.194912904986573,"voi_3",19,"male","femi","fac"
"740",0.338814954319742,"voi_3",20,"male","femi","fac"
"741",-0.0073205125231431,"voi_3",21,"male","femi","fac"
"742",0.324995458865474,"voi_3",22,"female","femi","fac"
"743",-0.231190974878408,"voi_3",23,"female","femi","fac"
"744",0.0225378734300137,"voi_3",24,"female","femi","fac"
"745",0.201607033790816,"voi_3",25,"male","femi","voi"
"746",0.943007751878313,"voi_3",26,"male","femi","voi"
"747",0.837301541110193,"voi_3",27,"male","femi","voi"
"748",0.408258067627865,"voi_3",28,"female","femi","voi"
"749",0.367538190675629,"voi_3",29,"female","femi","voi"
"750",0.0710029262736571,"voi_3",30,"female","femi","voi"
"751",0.0761384059389767,"voi_3",31,"male","femi","sti"
"752",0.246689879022856,"voi_3",32,"male","femi","sti"
"753",0.329124027244822,"voi_3",33,"male","femi","sti"
"754",0.471995466264728,"voi_3",34,"female","femi","sti"
"755",0.162465246607405,"voi_3",35,"female","femi","sti"
"756",0.523707852134428,"voi_3",36,"female","femi","sti"
"757",0.163959773386072,"voi_4",1,"male","masc","fac"
"758",0.298257242833704,"voi_4",2,"male","masc","fac"
"759",-0.0225536313623779,"voi_4",3,"male","masc","fac"
"760",0.160486748373952,"voi_4",4,"female","masc","fac"
"761",-0.0751034797625145,"voi_4",5,"female","masc","fac"
"762",0.197823433076633,"voi_4",6,"female","masc","fac"
"763",0.171409501537845,"voi_4",7,"male","masc","voi"
"764",0.406508424170539,"voi_4",8,"male","masc","voi"
"765",0.670941374578431,"voi_4",9,"male","masc","voi"
"766",0.866944672630708,"voi_4",10,"female","masc","voi"
"767",0.596688991306626,"voi_4",11,"female","masc","voi"
"768",0.367442300639975,"voi_4",12,"female","masc","voi"
"769",0.0930441212386519,"voi_4",13,"male","masc","sti"
"770",0.301310002862642,"voi_4",14,"male","masc","sti"
"771",0.0253241741390141,"voi_4",15,"male","masc","sti"
"772",0.148645809034615,"voi_4",16,"female","masc","sti"
"773",0.0143674057090957,"voi_4",17,"female","masc","sti"
"774",0.536492161126292,"voi_4",18,"female","masc","sti"
"775",0.144928485878903,"voi_4",19,"male","femi","fac"
"776",0.201774389216129,"voi_4",20,"male","femi","fac"
"777",0.155826955714399,"voi_4",21,"male","femi","fac"
"778",0.173483224688277,"voi_4",22,"female","femi","fac"
"779",-0.244657601069526,"voi_4",23,"female","femi","fac"
"780",0.44825876803646,"voi_4",24,"female","femi","fac"
"781",0.685322535895869,"voi_4",25,"male","femi","voi"
"782",1.40605789309751,"voi_4",26,"male","femi","voi"
"783",0.62994845233653,"voi_4",27,"male","femi","voi"
"784",0.634805001810798,"voi_4",28,"female","femi","voi"
"785",0.722338299077471,"voi_4",29,"female","femi","voi"
"786",0.27018762843321,"voi_4",30,"female","femi","voi"
"787",0.249794598180306,"voi_4",31,"male","femi","sti"
"788",0.325903293587747,"voi_4",32,"male","femi","sti"
"789",0.196111191769517,"voi_4",33,"male","femi","sti"
"790",0.623899783123851,"voi_4",34,"female","femi","sti"
"791",0.154405574892013,"voi_4",35,"female","femi","sti"
"792",0.520762181591044,"voi_4",36,"female","femi","sti"
"793",0.0954283975807656,"voi_5",1,"male","masc","fac"
"794",0.512337604045256,"voi_5",2,"male","masc","fac"
"795",0.213430978681705,"voi_5",3,"male","masc","fac"
"796",0.298195102669011,"voi_5",4,"female","masc","fac"
"797",-0.179626513080092,"voi_5",5,"female","masc","fac"
"798",0.519570975077399,"voi_5",6,"female","masc","fac"
"799",0.123664436459266,"voi_5",7,"male","masc","voi"
"800",0.653070332423122,"voi_5",8,"male","masc","voi"
"801",0.785819052414921,"voi_5",9,"male","masc","voi"
"802",1.31670384542786,"voi_5",10,"female","masc","voi"
"803",0.481064412747344,"voi_5",11,"female","masc","voi"
"804",0.357230513008929,"voi_5",12,"female","masc","voi"
"805",0.204447733366471,"voi_5",13,"male","masc","sti"
"806",0.410753529235687,"voi_5",14,"male","masc","sti"
"807",0.0791776736328779,"voi_5",15,"male","masc","sti"
"808",0.078629742206948,"voi_5",16,"female","masc","sti"
"809",0.121801176412283,"voi_5",17,"female","masc","sti"
"810",0.62635633761316,"voi_5",18,"female","masc","sti"
"811",0.213288265871248,"voi_5",19,"male","femi","fac"
"812",0.275775327417161,"voi_5",20,"male","femi","fac"
"813",-0.319662752961903,"voi_5",21,"male","femi","fac"
"814",0.179132806420018,"voi_5",22,"female","femi","fac"
"815",-0.268148957041003,"voi_5",23,"female","femi","fac"
"816",0.276782216028475,"voi_5",24,"female","femi","fac"
"817",0.638904254900039,"voi_5",25,"male","femi","voi"
"818",1.69293203763291,"voi_5",26,"male","femi","voi"
"819",1.3406617741001,"voi_5",27,"male","femi","voi"
"820",0.630862505853391,"voi_5",28,"female","femi","voi"
"821",0.705726204085478,"voi_5",29,"female","femi","voi"
"822",0.60168160594414,"voi_5",30,"female","femi","voi"
"823",0.231097040093347,"voi_5",31,"male","femi","sti"
"824",0.249247746237439,"voi_5",32,"male","femi","sti"
"825",0.483555807402874,"voi_5",33,"male","femi","sti"
"826",0.631077397772737,"voi_5",34,"female","femi","sti"
"827",0.281047724343597,"voi_5",35,"female","femi","sti"
"828",0.821662886203904,"voi_5",36,"female","femi","sti"
"829",0.389831781986529,"voi_6",1,"male","masc","fac"
"830",0.491537762616501,"voi_6",2,"male","masc","fac"
"831",0.103216594050589,"voi_6",3,"male","masc","fac"
"832",0.447007361925783,"voi_6",4,"female","masc","fac"
"833",0.163190221421735,"voi_6",5,"female","masc","fac"
"834",0.47890423866197,"voi_6",6,"female","masc","fac"
"835",0.407274022730245,"voi_6",7,"male","masc","voi"
"836",0.795195623629696,"voi_6",8,"male","masc","voi"
"837",0.614456975918117,"voi_6",9,"male","masc","voi"
"838",1.80196079675412,"voi_6",10,"female","masc","voi"
"839",0.692932758598001,"voi_6",11,"female","masc","voi"
"840",0.831939366206392,"voi_6",12,"female","masc","voi"
"841",0.806923918896555,"voi_6",13,"male","masc","sti"
"842",0.305058989069759,"voi_6",14,"male","masc","sti"
"843",0.170708730152659,"voi_6",15,"male","masc","sti"
"844",0.62828091177702,"voi_6",16,"female","masc","sti"
"845",0.0574375458630724,"voi_6",17,"female","masc","sti"
"846",0.796092823548603,"voi_6",18,"female","masc","sti"
"847",0.298369677371605,"voi_6",19,"male","femi","fac"
"848",0.454756822835926,"voi_6",20,"male","femi","fac"
"849",-0.0345125142786939,"voi_6",21,"male","femi","fac"
"850",0.287624585412521,"voi_6",22,"female","femi","fac"
"851",-0.372072592818418,"voi_6",23,"female","femi","fac"
"852",0.570533901810278,"voi_6",24,"female","femi","fac"
"853",0.76668568470594,"voi_6",25,"male","femi","voi"
"854",2.38257056715933,"voi_6",26,"male","femi","voi"
"855",1.42150165129771,"voi_6",27,"male","femi","voi"
"856",0.935153363822578,"voi_6",28,"female","femi","voi"
"857",0.863310586997203,"voi_6",29,"female","femi","voi"
"858",0.835715730672011,"voi_6",30,"female","femi","voi"
"859",0.269835614135192,"voi_6",31,"male","femi","sti"
"860",0.477014432931537,"voi_6",32,"male","femi","sti"
"861",0.881713923976899,"voi_6",33,"male","femi","sti"
"862",0.698026992978637,"voi_6",34,"female","femi","sti"
"863",0.485959465023498,"voi_6",35,"female","femi","sti"
"864",0.924353413091377,"voi_6",36,"female","femi","sti"
"865",0.262012835588595,"voi_7",1,"male","masc","fac"
"866",0.447874058814064,"voi_7",2,"male","masc","fac"
"867",0.241585366211582,"voi_7",3,"male","masc","fac"
"868",0.275381518846793,"voi_7",4,"female","masc","fac"
"869",0.191727918761269,"voi_7",5,"female","masc","fac"
"870",0.340614863709213,"voi_7",6,"female","masc","fac"
"871",0.34287925398678,"voi_7",7,"male","masc","voi"
"872",1.11453443468907,"voi_7",8,"male","masc","voi"
"873",1.00886623262399,"voi_7",9,"male","masc","voi"
"874",2.21368907706537,"voi_7",10,"female","masc","voi"
"875",1.08316992013067,"voi_7",11,"female","masc","voi"
"876",0.821749155850344,"voi_7",12,"female","masc","voi"
"877",0.571663755952833,"voi_7",13,"male","masc","sti"
"878",0.833962641726574,"voi_7",14,"male","masc","sti"
"879",-0.00464387935913784,"voi_7",15,"male","masc","sti"
"880",0.602917543313437,"voi_7",16,"female","masc","sti"
"881",0.318676166521706,"voi_7",17,"female","masc","sti"
"882",0.747708141193371,"voi_7",18,"female","masc","sti"
"883",0.385698964086579,"voi_7",19,"male","femi","fac"
"884",0.611305767683748,"voi_7",20,"male","femi","fac"
"885",-0.00131207113749737,"voi_7",21,"male","femi","fac"
"886",0.30313354015556,"voi_7",22,"female","femi","fac"
"887",-0.516225535212724,"voi_7",23,"female","femi","fac"
"888",0.616236564945809,"voi_7",24,"female","femi","fac"
"889",0.8570117656871,"voi_7",25,"male","femi","voi"
"890",2.7666305930201,"voi_7",26,"male","femi","voi"
"891",1.57824788147136,"voi_7",27,"male","femi","voi"
"892",1.2902805155498,"voi_7",28,"female","femi","voi"
"893",1.11859323366484,"voi_7",29,"female","femi","voi"
"894",0.895533307783255,"voi_7",30,"female","femi","voi"
"895",0.39009686998487,"voi_7",31,"male","femi","sti"
"896",0.531250843108408,"voi_7",32,"male","femi","sti"
"897",1.10301920503228,"voi_7",33,"male","femi","sti"
"898",1.04278248254104,"voi_7",34,"female","femi","sti"
"899",1.02603434093294,"voi_7",35,"female","femi","sti"
"900",1.21770120994145,"voi_7",36,"female","femi","sti"
"901",0.319440336276102,"voi_8",1,"male","masc","fac"
"902",0.318963180096537,"voi_8",2,"male","masc","fac"
"903",0.541144269141842,"voi_8",3,"male","masc","fac"
"904",0.434261659665418,"voi_8",4,"female","masc","fac"
"905",0.549262041462425,"voi_8",5,"female","masc","fac"
"906",0.509409223272861,"voi_8",6,"female","masc","fac"
"907",0.727097484114994,"voi_8",7,"male","masc","voi"
"908",1.5928250251382,"voi_8",8,"male","masc","voi"
"909",1.18182270865805,"voi_8",9,"male","masc","voi"
"910",2.01265807619789,"voi_8",10,"female","masc","voi"
"911",1.54502294553702,"voi_8",11,"female","masc","voi"
"912",1.15817279612514,"voi_8",12,"female","masc","voi"
"913",0.725292833497234,"voi_8",13,"male","masc","sti"
"914",0.631684381682372,"voi_8",14,"male","masc","sti"
"915",-0.115661958267449,"voi_8",15,"male","masc","sti"
"916",0.569189980809011,"voi_8",16,"female","masc","sti"
"917",0.278172761057604,"voi_8",17,"female","masc","sti"
"918",1.01209190426653,"voi_8",18,"female","masc","sti"
"919",0.720857890437949,"voi_8",19,"male","femi","fac"
"920",0.323771438005516,"voi_8",20,"male","femi","fac"
"921",0.18810703821364,"voi_8",21,"male","femi","fac"
"922",0.0118752446169534,"voi_8",22,"female","femi","fac"
"923",-0.324700639852759,"voi_8",23,"female","femi","fac"
"924",0.57280580259479,"voi_8",24,"female","femi","fac"
"925",1.19307968821997,"voi_8",25,"male","femi","voi"
"926",3.21105275858532,"voi_8",26,"male","femi","voi"
"927",1.95677133747461,"voi_8",27,"male","femi","voi"
"928",1.3775452604691,"voi_8",28,"female","femi","voi"
"929",1.42294224139578,"voi_8",29,"female","femi","voi"
"930",1.05048979787127,"voi_8",30,"female","femi","voi"
"931",0.267022260348998,"voi_8",31,"male","femi","sti"
"932",0.631522282343376,"voi_8",32,"male","femi","sti"
"933",1.27238379653434,"voi_8",33,"male","femi","sti"
"934",0.983175422313758,"voi_8",34,"female","femi","sti"
"935",0.84475282733284,"voi_8",35,"female","femi","sti"
"936",1.16534633229396,"voi_8",36,"female","femi","sti"
"937",0.256046054190329,"voi_9",1,"male","masc","fac"
"938",0.720149893158318,"voi_9",2,"male","masc","fac"
"939",0.484559197992051,"voi_9",3,"male","masc","fac"
"940",0.406093649166781,"voi_9",4,"female","masc","fac"
"941",0.2638184390174,"voi_9",5,"female","masc","fac"
"942",0.421020445326453,"voi_9",6,"female","masc","fac"
"943",1.0478765586352,"voi_9",7,"male","masc","voi"
"944",1.29282086328453,"voi_9",8,"male","masc","voi"
"945",1.34001510010596,"voi_9",9,"male","masc","voi"
"946",2.71515276047696,"voi_9",10,"female","masc","voi"
"947",1.45862020625001,"voi_9",11,"female","masc","voi"
"948",1.10371641896946,"voi_9",12,"female","masc","voi"
"949",0.95386158128566,"voi_9",13,"male","masc","sti"
"950",0.502952377489009,"voi_9",14,"male","masc","sti"
"951",0.107040018426627,"voi_9",15,"male","masc","sti"
"952",0.493505636387903,"voi_9",16,"female","masc","sti"
"953",0.314368856303097,"voi_9",17,"female","masc","sti"
"954",1.28293810561786,"voi_9",18,"female","masc","sti"
"955",0.456723235151126,"voi_9",19,"male","femi","fac"
"956",0.598297767444171,"voi_9",20,"male","femi","fac"
"957",0.317970410560494,"voi_9",21,"male","femi","fac"
"958",0.520180336581466,"voi_9",22,"female","femi","fac"
"959",-0.179964482204371,"voi_9",23,"female","femi","fac"
"960",0.721812694615806,"voi_9",24,"female","femi","fac"
"961",1.2451285860103,"voi_9",25,"male","femi","voi"
"962",3.58165586616694,"voi_9",26,"male","femi","voi"
"963",2.13490305099065,"voi_9",27,"male","femi","voi"
"964",1.53930390177823,"voi_9",28,"female","femi","voi"
"965",1.6629170806191,"voi_9",29,"female","femi","voi"
"966",1.49382296250958,"voi_9",30,"female","femi","voi"
"967",0.65309505600907,"voi_9",31,"male","femi","sti"
"968",0.75510853038215,"voi_9",32,"male","femi","sti"
"969",1.55471555059916,"voi_9",33,"male","femi","sti"
"970",1.42400098788032,"voi_9",34,"female","femi","sti"
"971",1.20429520913606,"voi_9",35,"female","femi","sti"
"972",1.48692812628242,"voi_9",36,"female","femi","sti"
"973",0.218001513346184,"voi_10",1,"male","masc","fac"
"974",0.358919958301841,"voi_10",2,"male","masc","fac"
"975",0.731524649480096,"voi_10",3,"male","masc","fac"
"976",0.335047002628581,"voi_10",4,"female","masc","fac"
"977",0.169980127256902,"voi_10",5,"female","masc","fac"
"978",0.584163780101988,"voi_10",6,"female","masc","fac"
"979",1.26892583711925,"voi_10",7,"male","masc","voi"
"980",1.50458361476767,"voi_10",8,"male","masc","voi"
"981",1.27529392106653,"voi_10",9,"male","masc","voi"
"982",2.94669104054549,"voi_10",10,"female","masc","voi"
"983",1.68311733608275,"voi_10",11,"female","masc","voi"
"984",1.39849089014776,"voi_10",12,"female","masc","voi"
"985",0.944643850910801,"voi_10",13,"male","masc","sti"
"986",0.774519681704048,"voi_10",14,"male","masc","sti"
"987",0.144475612409794,"voi_10",15,"male","masc","sti"
"988",0.934763876627342,"voi_10",16,"female","masc","sti"
"989",0.488153780412543,"voi_10",17,"female","masc","sti"
"990",1.27302611330842,"voi_10",18,"female","masc","sti"
"991",0.631699078994886,"voi_10",19,"male","femi","fac"
"992",0.590811025160886,"voi_10",20,"male","femi","fac"
"993",0.316939891284715,"voi_10",21,"male","femi","fac"
"994",0.420308182646732,"voi_10",22,"female","femi","fac"
"995",-0.177186916269152,"voi_10",23,"female","femi","fac"
"996",0.543527701508847,"voi_10",24,"female","femi","fac"
"997",1.50023391864658,"voi_10",25,"male","femi","voi"
"998",3.91235328652314,"voi_10",26,"male","femi","voi"
"999",2.34639394089531,"voi_10",27,"male","femi","voi"
"1000",1.8390051192074,"voi_10",28,"female","femi","voi"
"1001",1.52110756549482,"voi_10",29,"female","femi","voi"
"1002",1.49780893610092,"voi_10",30,"female","femi","voi"
"1003",0.616406983175111,"voi_10",31,"male","femi","sti"
"1004",0.907573972625788,"voi_10",32,"male","femi","sti"
"1005",1.56201533479012,"voi_10",33,"male","femi","sti"
"1006",1.46863518308913,"voi_10",34,"female","femi","sti"
"1007",1.30925718433405,"voi_10",35,"female","femi","sti"
"1008",1.26261623358176,"voi_10",36,"female","femi","sti"
"1009",0.419302269799474,"voi_11",1,"male","masc","fac"
"1010",0.626284127464711,"voi_11",2,"male","masc","fac"
"1011",0.902479184580858,"voi_11",3,"male","masc","fac"
"1012",0.370088895307342,"voi_11",4,"female","masc","fac"
"1013",0.289802880024408,"voi_11",5,"female","masc","fac"
"1014",0.48418702857028,"voi_11",6,"female","masc","fac"
"1015",1.43241106070519,"voi_11",7,"male","masc","voi"
"1016",1.63398980041768,"voi_11",8,"male","masc","voi"
"1017",1.46055172390175,"voi_11",9,"male","masc","voi"
"1018",3.07005207190955,"voi_11",10,"female","masc","voi"
"1019",1.91696744159682,"voi_11",11,"female","masc","voi"
"1020",1.55738712185882,"voi_11",12,"female","masc","voi"
"1021",1.17632497501692,"voi_11",13,"male","masc","sti"
"1022",0.907784532341932,"voi_11",14,"male","masc","sti"
"1023",0.145692397356825,"voi_11",15,"male","masc","sti"
"1024",1.07721259035683,"voi_11",16,"female","masc","sti"
"1025",0.34892178754874,"voi_11",17,"female","masc","sti"
"1026",1.68648595845215,"voi_11",18,"female","masc","sti"
"1027",0.6225816619339,"voi_11",19,"male","femi","fac"
"1028",0.64699328327031,"voi_11",20,"male","femi","fac"
"1029",0.183618736897585,"voi_11",21,"male","femi","fac"
"1030",0.513716749260873,"voi_11",22,"female","femi","fac"
"1031",0.013156103720477,"voi_11",23,"female","femi","fac"
"1032",0.5933089847645,"voi_11",24,"female","femi","fac"
"1033",1.22173261722596,"voi_11",25,"male","femi","voi"
"1034",4.38267263095924,"voi_11",26,"male","femi","voi"
"1035",2.77371230988436,"voi_11",27,"male","femi","voi"
"1036",2.29167832592064,"voi_11",28,"female","femi","voi"
"1037",2.18074547577842,"voi_11",29,"female","femi","voi"
"1038",1.95538077009361,"voi_11",30,"female","femi","voi"
"1039",0.732625901980081,"voi_11",31,"male","femi","sti"
"1040",0.972486212793294,"voi_11",32,"male","femi","sti"
"1041",1.97922282830458,"voi_11",33,"male","femi","sti"
"1042",1.58641917618143,"voi_11",34,"female","femi","sti"
"1043",1.51927583860548,"voi_11",35,"female","femi","sti"
"1044",1.4347230239724,"voi_11",36,"female","femi","sti"
"1045",0.226802907952257,"voi_12",1,"male","masc","fac"
"1046",0.813565742961713,"voi_12",2,"male","masc","fac"
"1047",0.760849068737953,"voi_12",3,"male","masc","fac"
"1048",0.389592198412891,"voi_12",4,"female","masc","fac"
"1049",0.316673100263299,"voi_12",5,"female","masc","fac"
"1050",0.675910022546101,"voi_12",6,"female","masc","fac"
"1051",1.7132664208905,"voi_12",7,"male","masc","voi"
"1052",1.87508574606449,"voi_12",8,"male","masc","voi"
"1053",1.78034982420056,"voi_12",9,"male","masc","voi"
"1054",3.77045671340203,"voi_12",10,"female","masc","voi"
"1055",1.99683711923627,"voi_12",11,"female","masc","voi"
"1056",2.09331018905826,"voi_12",12,"female","masc","voi"
"1057",1.24300536820388,"voi_12",13,"male","masc","sti"
"1058",0.701089263117059,"voi_12",14,"male","masc","sti"
"1059",0.0940441068221672,"voi_12",15,"male","masc","sti"
"1060",1.14709232104449,"voi_12",16,"female","masc","sti"
"1061",0.611895847816067,"voi_12",17,"female","masc","sti"
"1062",1.88864011270369,"voi_12",18,"female","masc","sti"
"1063",0.709648838005162,"voi_12",19,"male","femi","fac"
"1064",0.476400979192497,"voi_12",20,"male","femi","fac"
"1065",0.565565462615312,"voi_12",21,"male","femi","fac"
"1066",0.461286981475725,"voi_12",22,"female","femi","fac"
"1067",0.0202943984302916,"voi_12",23,"female","femi","fac"
"1068",0.629985227804506,"voi_12",24,"female","femi","fac"
"1069",1.87335510064017,"voi_12",25,"male","femi","voi"
"1070",4.80533312141685,"voi_12",26,"male","femi","voi"
"1071",3.18090754528018,"voi_12",27,"male","femi","voi"
"1072",2.56762339191088,"voi_12",28,"female","femi","voi"
"1073",1.79814369899385,"voi_12",29,"female","femi","voi"
"1074",2.20033206393756,"voi_12",30,"female","femi","voi"
"1075",0.722076112463645,"voi_12",31,"male","femi","sti"
"1076",1.34524652390225,"voi_12",32,"male","femi","sti"
"1077",2.09154428774802,"voi_12",33,"male","femi","sti"
"1078",1.77249250956118,"voi_12",34,"female","femi","sti"
"1079",1.68878557179186,"voi_12",35,"female","femi","sti"
"1080",1.77283820547331,"voi_12",36,"female","femi","sti"
"1081",0.452516994128892,"voi_13",1,"male","masc","fac"
"1082",0.65630979546426,"voi_13",2,"male","masc","fac"
"1083",1.01496573679169,"voi_13",3,"male","masc","fac"
"1084",0.626825611659803,"voi_13",4,"female","masc","fac"
"1085",0.338132733214343,"voi_13",5,"female","masc","fac"
"1086",0.569202406861605,"voi_13",6,"female","masc","fac"
"1087",1.92879242737001,"voi_13",7,"male","masc","voi"
"1088",2.32931731931507,"voi_13",8,"male","masc","voi"
"1089",2.24334118512017,"voi_13",9,"male","masc","voi"
"1090",3.81982316464156,"voi_13",10,"female","masc","voi"
"1091",2.15260788979788,"voi_13",11,"female","masc","voi"
"1092",2.08701919197206,"voi_13",12,"female","masc","voi"
"1093",1.56694267729118,"voi_13",13,"male","masc","sti"
"1094",0.858282260823923,"voi_13",14,"male","masc","sti"
"1095",0.371565292647896,"voi_13",15,"male","masc","sti"
"1096",1.39274836679104,"voi_13",16,"female","masc","sti"
"1097",0.799718814123782,"voi_13",17,"female","masc","sti"
"1098",2.01597020876746,"voi_13",18,"female","masc","sti"
"1099",0.811987547265193,"voi_13",19,"male","femi","fac"
"1100",0.804265449065644,"voi_13",20,"male","femi","fac"
"1101",0.335839483653087,"voi_13",21,"male","femi","fac"
"1102",0.404912059616104,"voi_13",22,"female","femi","fac"
"1103",-0.444357460503759,"voi_13",23,"female","femi","fac"
"1104",0.929709291124857,"voi_13",24,"female","femi","fac"
"1105",1.89492740567514,"voi_13",25,"male","femi","voi"
"1106",4.81874219369088,"voi_13",26,"male","femi","voi"
"1107",3.34784992242534,"voi_13",27,"male","femi","voi"
"1108",2.32582464052089,"voi_13",28,"female","femi","voi"
"1109",2.07700637057939,"voi_13",29,"female","femi","voi"
"1110",2.39491766522644,"voi_13",30,"female","femi","voi"
"1111",0.708216643362563,"voi_13",31,"male","femi","sti"
"1112",1.30482407805564,"voi_13",32,"male","femi","sti"
"1113",2.02851158015108,"voi_13",33,"male","femi","sti"
"1114",1.76863018992321,"voi_13",34,"female","femi","sti"
"1115",2.06226456177353,"voi_13",35,"female","femi","sti"
"1116",1.88021049589722,"voi_13",36,"female","femi","sti"
"1117",0.328262048340872,"voi_14",1,"male","masc","fac"
"1118",0.917531974316927,"voi_14",2,"male","masc","fac"
"1119",1.33663802652486,"voi_14",3,"male","masc","fac"
"1120",0.543447071656648,"voi_14",4,"female","masc","fac"
"1121",0.645764256558859,"voi_14",5,"female","masc","fac"
"1122",0.781625048104744,"voi_14",6,"female","masc","fac"
"1123",2.31567927038368,"voi_14",7,"male","masc","voi"
"1124",2.56484989918175,"voi_14",8,"male","masc","voi"
"1125",2.17942096684694,"voi_14",9,"male","masc","voi"
"1126",4.34763274579966,"voi_14",10,"female","masc","voi"
"1127",2.43950840416575,"voi_14",11,"female","masc","voi"
"1128",2.48441655535286,"voi_14",12,"female","masc","voi"
"1129",1.77679033247649,"voi_14",13,"male","masc","sti"
"1130",1.26238463702824,"voi_14",14,"male","masc","sti"
"1131",0.337752862529917,"voi_14",15,"male","masc","sti"
"1132",1.34955860714911,"voi_14",16,"female","masc","sti"
"1133",0.689711637738069,"voi_14",17,"female","masc","sti"
"1134",2.60779682475031,"voi_14",18,"female","masc","sti"
"1135",1.07504872530324,"voi_14",19,"male","femi","fac"
"1136",0.596514051412201,"voi_14",20,"male","femi","fac"
"1137",0.307947969833226,"voi_14",21,"male","femi","fac"
"1138",0.20984025273185,"voi_14",22,"female","femi","fac"
"1139",-0.136659222075028,"voi_14",23,"female","femi","fac"
"1140",0.880066797144922,"voi_14",24,"female","femi","fac"
"1141",1.86349524307191,"voi_14",25,"male","femi","voi"
"1142",5.09944949463092,"voi_14",26,"male","femi","voi"
"1143",3.37089834751938,"voi_14",27,"male","femi","voi"
"1144",3.00396395089597,"voi_14",28,"female","femi","voi"
"1145",1.91972868917506,"voi_14",29,"female","femi","voi"
"1146",2.57537959233605,"voi_14",30,"female","femi","voi"
"1147",0.761659896013984,"voi_14",31,"male","femi","sti"
"1148",1.68104461051927,"voi_14",32,"male","femi","sti"
"1149",2.30330606326884,"voi_14",33,"male","femi","sti"
"1150",2.33726957451816,"voi_14",34,"female","femi","sti"
"1151",2.38479823336233,"voi_14",35,"female","femi","sti"
"1152",2.07853455979267,"voi_14",36,"female","femi","sti"
"1153",0.632990239480869,"voi_15",1,"male","masc","fac"
"1154",0.846366424539461,"voi_15",2,"male","masc","fac"
"1155",1.57944258604716,"voi_15",3,"male","masc","fac"
"1156",0.739358554321089,"voi_15",4,"female","masc","fac"
"1157",0.573392209012357,"voi_15",5,"female","masc","fac"
"1158",0.577440687077273,"voi_15",6,"female","masc","fac"
"1159",2.53646582190986,"voi_15",7,"male","masc","voi"
"1160",2.75607391337858,"voi_15",8,"male","masc","voi"
"1161",2.68987980557889,"voi_15",9,"male","masc","voi"
"1162",4.3058200815568,"voi_15",10,"female","masc","voi"
"1163",2.39913437314587,"voi_15",11,"female","masc","voi"
"1164",2.21757672715635,"voi_15",12,"female","masc","voi"
"1165",1.73569193542959,"voi_15",13,"male","masc","sti"
"1166",1.14677173615164,"voi_15",14,"male","masc","sti"
"1167",0.275257299432645,"voi_15",15,"male","masc","sti"
"1168",1.3272426536985,"voi_15",16,"female","masc","sti"
"1169",1.18274006206388,"voi_15",17,"female","masc","sti"
"1170",2.56555928891962,"voi_15",18,"female","masc","sti"
"1171",1.11307904849396,"voi_15",19,"male","femi","fac"
"1172",0.934699171653572,"voi_15",20,"male","femi","fac"
"1173",0.507994424220357,"voi_15",21,"male","femi","fac"
"1174",0.511677155983148,"voi_15",22,"female","femi","fac"
"1175",0.0183528338826812,"voi_15",23,"female","femi","fac"
"1176",0.830462084166372,"voi_15",24,"female","femi","fac"
"1177",2.34857719456237,"voi_15",25,"male","femi","voi"
"1178",5.46171736271353,"voi_15",26,"male","femi","voi"
"1179",3.45780929199864,"voi_15",27,"male","femi","voi"
"1180",2.87395428492873,"voi_15",28,"female","femi","voi"
"1181",2.2590019354941,"voi_15",29,"female","femi","voi"
"1182",2.72260130188036,"voi_15",30,"female","femi","voi"
"1183",0.936866623221845,"voi_15",31,"male","femi","sti"
"1184",1.76044517059756,"voi_15",32,"male","femi","sti"
"1185",2.42985912181601,"voi_15",33,"male","femi","sti"
"1186",1.99958195555634,"voi_15",34,"female","femi","sti"
"1187",2.60124787028771,"voi_15",35,"female","femi","sti"
"1188",1.95342185423173,"voi_15",36,"female","femi","sti"
"1189",0.166145467848342,"voi_16",1,"male","masc","fac"
"1190",0.868382058095069,"voi_16",2,"male","masc","fac"
"1191",1.63824461942746,"voi_16",3,"male","masc","fac"
"1192",1.04466201050485,"voi_16",4,"female","masc","fac"
"1193",0.632657052141088,"voi_16",5,"female","masc","fac"
"1194",0.717857043417142,"voi_16",6,"female","masc","fac"
"1195",2.77466829014949,"voi_16",7,"male","masc","voi"
"1196",2.77568270165544,"voi_16",8,"male","masc","voi"
"1197",2.76178175379145,"voi_16",9,"male","masc","voi"
"1198",5.16654143149991,"voi_16",10,"female","masc","voi"
"1199",2.5057886792991,"voi_16",11,"female","masc","voi"
"1200",2.39336374574575,"voi_16",12,"female","masc","voi"
"1201",1.66070723387977,"voi_16",13,"male","masc","sti"
"1202",1.2140214577995,"voi_16",14,"male","masc","sti"
"1203",0.266349710639643,"voi_16",15,"male","masc","sti"
"1204",1.532433420636,"voi_16",16,"female","masc","sti"
"1205",0.985407218753409,"voi_16",17,"female","masc","sti"
"1206",2.63242050480523,"voi_16",18,"female","masc","sti"
"1207",0.851744205545231,"voi_16",19,"male","femi","fac"
"1208",1.14432600439049,"voi_16",20,"male","femi","fac"
"1209",0.600948213712024,"voi_16",21,"male","femi","fac"
"1210",0.691810138620289,"voi_16",22,"female","femi","fac"
"1211",-0.0977338516573966,"voi_16",23,"female","femi","fac"
"1212",0.89075416052158,"voi_16",24,"female","femi","fac"
"1213",2.23057073625884,"voi_16",25,"male","femi","voi"
"1214",5.89901012938827,"voi_16",26,"male","femi","voi"
"1215",3.89893504997986,"voi_16",27,"male","femi","voi"
"1216",3.6182290624727,"voi_16",28,"female","femi","voi"
"1217",2.40225001163949,"voi_16",29,"female","femi","voi"
"1218",3.17199044584859,"voi_16",30,"female","femi","voi"
"1219",0.900810513289361,"voi_16",31,"male","femi","sti"
"1220",1.86505641475649,"voi_16",32,"male","femi","sti"
"1221",2.26456855518924,"voi_16",33,"male","femi","sti"
"1222",2.25608553207306,"voi_16",34,"female","femi","sti"
"1223",2.96401481141413,"voi_16",35,"female","femi","sti"
"1224",2.55467347100228,"voi_16",36,"female","femi","sti"
"1225",0.288873053368148,"voi_17",1,"male","masc","fac"
"1226",0.880924940541443,"voi_17",2,"male","masc","fac"
"1227",1.92905523045501,"voi_17",3,"male","masc","fac"
"1228",0.856545513995104,"voi_17",4,"female","masc","fac"
"1229",1.14537287525658,"voi_17",5,"female","masc","fac"
"1230",0.761060323730885,"voi_17",6,"female","masc","fac"
"1231",3.15104767247881,"voi_17",7,"male","masc","voi"
"1232",2.94945499804426,"voi_17",8,"male","masc","voi"
"1233",2.88773817998494,"voi_17",9,"male","masc","voi"
"1234",4.75096570640744,"voi_17",10,"female","masc","voi"
"1235",2.80750627057091,"voi_17",11,"female","masc","voi"
"1236",2.65543494593041,"voi_17",12,"female","masc","voi"
"1237",2.12990875191235,"voi_17",13,"male","masc","sti"
"1238",1.498663280068,"voi_17",14,"male","masc","sti"
"1239",0.364800532579008,"voi_17",15,"male","masc","sti"
"1240",1.5473392891606,"voi_17",16,"female","masc","sti"
"1241",0.83331295778411,"voi_17",17,"female","masc","sti"
"1242",3.02546554201644,"voi_17",18,"female","masc","sti"
"1243",1.050364792837,"voi_17",19,"male","femi","fac"
"1244",1.0683488252225,"voi_17",20,"male","femi","fac"
"1245",0.500711298031052,"voi_17",21,"male","femi","fac"
"1246",0.53685555617797,"voi_17",22,"female","femi","fac"
"1247",-0.319630124561714,"voi_17",23,"female","femi","fac"
"1248",0.837290387092309,"voi_17",24,"female","femi","fac"
"1249",2.38397640949751,"voi_17",25,"male","femi","voi"
"1250",6.5484916234734,"voi_17",26,"male","femi","voi"
"1251",4.08695402984954,"voi_17",27,"male","femi","voi"
"1252",3.50499345359604,"voi_17",28,"female","femi","voi"
"1253",2.29309625912911,"voi_17",29,"female","femi","voi"
"1254",3.10252953144152,"voi_17",30,"female","femi","voi"
"1255",0.938730370318799,"voi_17",31,"male","femi","sti"
"1256",2.1533920899397,"voi_17",32,"male","femi","sti"
"1257",2.60886350839717,"voi_17",33,"male","femi","sti"
"1258",2.21946069775034,"voi_17",34,"female","femi","sti"
"1259",3.20371481644831,"voi_17",35,"female","femi","sti"
"1260",2.21483713024957,"voi_17",36,"female","femi","sti"
"1261",0.700083132205254,"voi_18",1,"male","masc","fac"
"1262",0.944726324014678,"voi_18",2,"male","masc","fac"
"1263",1.99028639222314,"voi_18",3,"male","masc","fac"
"1264",1.0777789305356,"voi_18",4,"female","masc","fac"
"1265",0.891333172469395,"voi_18",5,"female","masc","fac"
"1266",0.807174996931214,"voi_18",6,"female","masc","fac"
"1267",3.26556498262808,"voi_18",7,"male","masc","voi"
"1268",3.12315301183913,"voi_18",8,"male","masc","voi"
"1269",2.85423779739471,"voi_18",9,"male","masc","voi"
"1270",4.71071546468123,"voi_18",10,"female","masc","voi"
"1271",2.97363541652598,"voi_18",11,"female","masc","voi"
"1272",2.87990868376862,"voi_18",12,"female","masc","voi"
"1273",2.32676227059461,"voi_18",13,"male","masc","sti"
"1274",1.6799048467314,"voi_18",14,"male","masc","sti"
"1275",0.570297282615279,"voi_18",15,"male","masc","sti"
"1276",1.93000805739687,"voi_18",16,"female","masc","sti"
"1277",1.00117001593017,"voi_18",17,"female","masc","sti"
"1278",3.19601439749305,"voi_18",18,"female","masc","sti"
"1279",1.1070253015836,"voi_18",19,"male","femi","fac"
"1280",1.13530233810711,"voi_18",20,"male","femi","fac"
"1281",0.448124320229,"voi_18",21,"male","femi","fac"
"1282",0.548982465096244,"voi_18",22,"female","femi","fac"
"1283",-0.0512886103385626,"voi_18",23,"female","femi","fac"
"1284",1.03882874416627,"voi_18",24,"female","femi","fac"
"1285",2.45362478521906,"voi_18",25,"male","femi","voi"
"1286",6.28319900279477,"voi_18",26,"male","femi","voi"
"1287",4.11746575402888,"voi_18",27,"male","femi","voi"
"1288",3.53366157966332,"voi_18",28,"female","femi","voi"
"1289",2.20375249230222,"voi_18",29,"female","femi","voi"
"1290",3.43387944006949,"voi_18",30,"female","femi","voi"
"1291",0.808294041125797,"voi_18",31,"male","femi","sti"
"1292",2.71556799524106,"voi_18",32,"male","femi","sti"
"1293",2.95275807803729,"voi_18",33,"male","femi","sti"
"1294",2.54611542950309,"voi_18",34,"female","femi","sti"
"1295",3.14069570876001,"voi_18",35,"female","femi","sti"
"1296",2.50582688203469,"voi_18",36,"female","femi","sti"
"1297",0.333061528882305,"voi_19",1,"male","masc","fac"
"1298",0.900227911547445,"voi_19",2,"male","masc","fac"
"1299",2.26287477656482,"voi_19",3,"male","masc","fac"
"1300",1.15587096592392,"voi_19",4,"female","masc","fac"
"1301",1.02871037397734,"voi_19",5,"female","masc","fac"
"1302",0.928622955053525,"voi_19",6,"female","masc","fac"
"1303",3.84202274063438,"voi_19",7,"male","masc","voi"
"1304",3.59010760124435,"voi_19",8,"male","masc","voi"
"1305",3.15916284415664,"voi_19",9,"male","masc","voi"
"1306",5.45656807786671,"voi_19",10,"female","masc","voi"
"1307",3.28946668649445,"voi_19",11,"female","masc","voi"
"1308",3.11748827819499,"voi_19",12,"female","masc","voi"
"1309",1.99361954234521,"voi_19",13,"male","masc","sti"
"1310",1.51921829008179,"voi_19",14,"male","masc","sti"
"1311",0.572262485061615,"voi_19",15,"male","masc","sti"
"1312",2.038428335509,"voi_19",16,"female","masc","sti"
"1313",1.0687658718044,"voi_19",17,"female","masc","sti"
"1314",3.1255745627573,"voi_19",18,"female","masc","sti"
"1315",1.36302857131556,"voi_19",19,"male","femi","fac"
"1316",1.03672226578522,"voi_19",20,"male","femi","fac"
"1317",0.534736737724062,"voi_19",21,"male","femi","fac"
"1318",0.644341579694637,"voi_19",22,"female","femi","fac"
"1319",-0.281676667709717,"voi_19",23,"female","femi","fac"
"1320",1.25354411112412,"voi_19",24,"female","femi","fac"
"1321",2.27337925924308,"voi_19",25,"male","femi","voi"
"1322",7.48791482366915,"voi_19",26,"male","femi","voi"
"1323",4.40060687421869,"voi_19",27,"male","femi","voi"
"1324",3.7939113673571,"voi_19",28,"female","femi","voi"
"1325",2.64326414721134,"voi_19",29,"female","femi","voi"
"1326",3.82201882474847,"voi_19",30,"female","femi","voi"
"1327",1.22194340015053,"voi_19",31,"male","femi","sti"
"1328",2.8247112972002,"voi_19",32,"male","femi","sti"
"1329",3.01535810854809,"voi_19",33,"male","femi","sti"
"1330",2.41250777050212,"voi_19",34,"female","femi","sti"
"1331",3.63856027662685,"voi_19",35,"female","femi","sti"
"1332",2.64193659134283,"voi_19",36,"female","femi","sti"
